{
  "assetsByChunkName": {
    "vendors~app-account~app-confirmation~app-order": "chunk.43c57f2dcfc0ed788926.js",
    "vendors~app-account~app-checkout": "chunk.b69033a79a45abc7bf37.js",
    "vendors~app-cart~app-checkout": "chunk.f2f55017e58faa25b587.js",
    "admin": [
      "admin.6efc2f505aaaa8138bc3.js",
      "admin.6efc2f505aaaa8138bc3.js.map"
    ],
    "app-account": "chunk.82f78f6ebdd655962fa1.js",
    "app-checkout": "chunk.08eebe8a6c1117d7363f.js",
    "app-confirmation": "chunk.0312a4808881ed035990.js",
    "checkout": [
      "checkout.5eec20c34942d98efe52.js",
      "checkout.5eec20c34942d98efe52.js.map"
    ],
    "storefront": [
      "storefront.f6b4d1d061769847b8f7.css",
      "storefront.35be4ed846a9fc206aa2.js",
      "storefront.f6b4d1d061769847b8f7.css.map",
      "storefront.35be4ed846a9fc206aa2.js.map"
    ],
    "vendors~app-cart": "chunk.b9ec5c47aec8693b4df7.js",
    "vendors~app-order": "chunk.cc8929aaf1c3800c87d3.js"
  }
}