{
  "marketing_stripe": {
    "text": "",
    "link": "",
    "background": "#ea7272"
  },
  "contacts_stripe": {
    "pages": [],
    "phone_wpp": true,
    "socials": true
  },
  "categories_list": {
    "featured": [
      "/body?Body/blusinha",
      "/camisas?Camisas",
      "/conjuntos?Conjuntos",
      "/cropped?Cropped",
      "/blusa?Jaqueta",
      "/lencocachecol?Lenço/Cachecol",
      "/moletons-e-blusas?Moletons e Blusas",
      "/ponchos?Ponchos",
      "/saias?Saias",
      "/shorts?Shorts/Calça",
      "/t-shirt?T-Shirt",
      "/tricot?Tricot",
      "/vestidos?Vestidos e Macacões"
    ],
    "random": 20,
    "full_width": true
  },
  "desktop_megamenu": false,
  "search_input": true,
  "alphabetical_order_submenu": true,
  "full_width_submenu": true
}