{
  "meta_title": "NOVIDADES",
  "meta_description": "NOVIDADES",
  "sections": [
    {
      "type": "responsive-banner",
      "img": "/img/uploads/rosa-claro-com-foto-simples-capa-para-facebook-de-clinica-estetica-3240-900-px-1-.png"
    },
    {
      "type": "page-title",
      "title": "NOVIDADES"
    },
    {
      "type": "dynamic-showcase",
      "load_more": false,
      "sort": "news"
    },
    {
      "type": "collection-shelf",
      "shuffle": false,
      "limit": 24,
      "page": 1,
      "collection_id": "61db5d140c7c727225fc9c98:categories:Vestidos e Macacões:/vestidos"
    },
    {
      "type": "collection-shelf",
      "shuffle": true,
      "limit": 22,
      "page": 1,
      "collection_id": "626d8a3f3da6d37bc21735f6:categories:Camisas:/camisas",
      "headless": false
    },
    {
      "type": "collection-shelf",
      "shuffle": true,
      "limit": 24,
      "page": 1,
      "collection_id": "61db5f0d0c7c727225fca170:categories:Cropped:/cropped"
    },
    {
      "type": "banners-grid",
      "banners": [
        {
          "img": "/img/uploads/banner-principal.gif"
        },
        {
          "img": "/img/uploads/hanna-finholdt.png"
        }
      ]
    },
    {
      "type": "banners-grid",
      "banners": [
        {
          "img": "/img/uploads/hf-1-.png"
        },
        {
          "img": "/img/uploads/hannas3240x900.png"
        }
      ]
    },
    {
      "type": "breadcrumbs",
      "enabled": true
    },
    {
      "type": "info-bar",
      "enabled": true
    }
  ]
}